investor_id,average_gap_days,status,total_sip_transactions,average_ticket_size
INV000004,85.4,at-risk,6,8042.666666666667
INV000008,70.4,at-risk,6,12142.166666666666
INV000010,64.8,at-risk,6,5363.833333333333
INV000011,40.166666666666664,at-risk,7,13417.142857142857
INV000012,57.0,at-risk,8,5017.375
INV000013,55.333333333333336,at-risk,7,10801.857142857143
INV000014,75.33333333333333,at-risk,7,20045.0
INV000023,58.57142857142857,at-risk,8,25316.125
INV000028,93.6,at-risk,6,14043.666666666666
INV000029,60.666666666666664,at-risk,7,12858.857142857143
INV000030,47.625,at-risk,9,8496.666666666666
INV000033,45.57142857142857,at-risk,8,5754.125
INV000039,68.6,at-risk,6,16556.333333333332
INV000045,70.6,at-risk,6,19073.0
INV000048,46.0,at-risk,9,4480.777777777777
INV000052,36.2,at-risk,6,4063.0
INV000056,74.8,at-risk,6,10162.833333333334
INV000057,49.714285714285715,at-risk,8,11363.375
INV000069,49.111111111111114,at-risk,10,15605.4
INV000072,83.0,at-risk,6,8228.666666666666
INV000073,48.25,at-risk,9,12612.111111111111
INV000074,72.57142857142857,at-risk,8,13333.625
INV000075,74.8,at-risk,6,24626.833333333332
INV000076,91.8,at-risk,6,8485.0
INV000079,65.8,at-risk,6,7026.666666666667
INV000081,81.33333333333333,at-risk,7,7814.857142857143
INV000082,83.66666666666667,at-risk,7,3942.0
INV000086,44.666666666666664,at-risk,10,8122.1
INV000087,92.8,at-risk,6,17548.0
INV000091,44.0,at-risk,8,6891.75
INV000093,55.5,at-risk,7,20216.428571428572
INV000094,44.8,at-risk,6,8321.333333333334
INV000095,69.4,at-risk,6,15470.5
INV000097,54.5,at-risk,7,22158.14285714286
INV000101,65.0,at-risk,8,14100.25
INV000102,65.28571428571429,at-risk,8,14259.25
INV000103,83.4,at-risk,6,3445.8333333333335
INV000105,57.0,at-risk,8,10863.875
INV000109,46.25,at-risk,9,7516.777777777777
INV000113,46.0,at-risk,8,10543.625
INV000123,59.666666666666664,at-risk,7,16233.285714285714
INV000128,82.0,at-risk,6,6378.833333333333
INV000131,56.0,at-risk,7,14600.142857142857
INV000132,71.0,at-risk,6,14733.833333333334
INV000133,88.2,at-risk,6,12449.166666666666
INV000138,76.2,at-risk,6,26011.0
INV000145,89.4,at-risk,6,21172.333333333332
INV000146,66.8,at-risk,6,14769.666666666666
INV000148,52.0,at-risk,9,10001.333333333334
INV000155,37.333333333333336,at-risk,7,8218.57142857143
INV000161,73.0,at-risk,7,6326.714285714285
INV000163,61.0,at-risk,8,7283.875
INV000164,61.8,at-risk,6,4208.833333333333
INV000169,67.83333333333333,at-risk,7,6958.285714285715
INV000173,57.666666666666664,at-risk,7,11198.142857142857
INV000175,83.66666666666667,at-risk,7,10188.57142857143
INV000177,65.42857142857143,at-risk,8,6440.0
INV000180,61.8,at-risk,6,2654.0
INV000183,56.125,at-risk,9,9560.0
INV000191,56.5,at-risk,7,9808.0
INV000194,58.0,at-risk,7,8836.714285714286
INV000195,77.4,at-risk,6,3623.1666666666665
INV000196,69.0,at-risk,7,11526.42857142857
INV000201,51.125,at-risk,9,10919.777777777777
INV000205,62.57142857142857,at-risk,8,9011.375
INV000210,70.71428571428571,at-risk,8,11696.5
INV000214,94.8,at-risk,6,11226.166666666666
INV000217,92.0,at-risk,6,7357.666666666667
INV000228,59.75,at-risk,9,26575.11111111111
INV000236,67.14285714285714,at-risk,8,14027.125
INV000238,93.6,at-risk,6,24403.666666666668
INV000239,48.857142857142854,at-risk,8,20161.5
INV000243,88.2,at-risk,6,9690.833333333334
INV000245,92.2,at-risk,6,7670.5
INV000249,45.5,at-risk,7,27822.714285714286
INV000252,50.4,at-risk,6,17188.0
INV000255,48.6,at-risk,6,5775.5
INV000256,70.2,at-risk,6,5317.0
INV000259,70.6,at-risk,6,13656.333333333334
INV000260,59.57142857142857,at-risk,8,17454.125
INV000262,53.57142857142857,at-risk,8,5901.125
INV000263,68.42857142857143,at-risk,8,19709.75
INV000265,53.44444444444444,at-risk,10,20343.3
INV000268,62.333333333333336,at-risk,7,11372.142857142857
INV000279,43.375,at-risk,9,6847.0
INV000280,55.75,at-risk,9,16132.666666666666
INV000283,68.0,at-risk,6,4060.3333333333335
INV000287,69.83333333333333,at-risk,7,9193.0
INV000289,62.714285714285715,at-risk,8,10205.0
INV000291,89.0,at-risk,6,12696.333333333334
INV000292,46.0,at-risk,7,17665.14285714286
INV000293,47.0,at-risk,7,10082.0
INV000297,90.6,at-risk,6,3723.0
INV000299,85.2,at-risk,6,7592.833333333333
INV000304,70.0,at-risk,7,11364.857142857143
INV000309,52.0,at-risk,8,7893.25
INV000310,75.83333333333333,at-risk,7,6624.0
INV000318,97.4,at-risk,6,11621.0
INV000319,73.5,at-risk,7,5734.714285714285
INV000321,72.83333333333333,at-risk,7,13032.142857142857
INV000328,37.5,at-risk,9,7141.444444444444
INV000331,50.714285714285715,at-risk,8,15547.25
INV000334,25.5,active,7,6245.714285714285
INV000335,96.0,at-risk,6,11474.666666666666
INV000339,94.0,at-risk,6,12426.0
INV000341,54.42857142857143,at-risk,8,9557.5
INV000356,54.4,at-risk,6,12144.166666666666
INV000359,54.125,at-risk,9,10383.444444444445
INV000363,77.0,at-risk,7,8525.285714285714
INV000369,43.8,at-risk,6,3775.6666666666665
INV000371,59.285714285714285,at-risk,8,8998.125
INV000372,54.5,at-risk,7,12839.0
INV000380,97.0,at-risk,6,12116.666666666666
INV000388,53.625,at-risk,9,12157.777777777777
INV000392,77.16666666666667,at-risk,7,5647.142857142857
INV000395,55.666666666666664,at-risk,7,3286.285714285714
INV000396,83.2,at-risk,6,7674.833333333333
INV000399,49.55555555555556,at-risk,10,5819.3
INV000400,62.6,at-risk,6,3542.6666666666665
INV000403,58.2,at-risk,6,12363.0
INV000407,82.4,at-risk,6,18687.166666666668
INV000408,46.8,at-risk,6,7895.666666666667
INV000412,43.714285714285715,at-risk,8,10930.125
INV000414,66.28571428571429,at-risk,8,11931.875
INV000415,66.16666666666667,at-risk,7,6110.714285714285
INV000418,86.8,at-risk,6,18916.166666666668
INV000427,68.5,at-risk,7,15163.57142857143
INV000428,52.142857142857146,at-risk,8,6793.75
INV000429,77.2,at-risk,6,19547.333333333332
INV000437,97.8,at-risk,6,5456.5
INV000440,69.57142857142857,at-risk,8,4205.875
INV000441,60.8,at-risk,6,7606.333333333333
INV000444,73.2,at-risk,6,12789.5
INV000445,57.75,at-risk,9,5877.555555555556
INV000446,38.6,at-risk,6,5199.166666666667
INV000449,46.8,at-risk,6,9927.833333333334
INV000452,49.375,at-risk,9,9363.333333333334
INV000457,91.4,at-risk,6,5454.166666666667
INV000460,43.4,at-risk,6,5894.833333333333
INV000463,65.16666666666667,at-risk,7,20594.714285714286
INV000466,73.33333333333333,at-risk,7,17878.714285714286
INV000467,56.666666666666664,at-risk,10,6540.8
INV000469,70.5,at-risk,7,4882.857142857143
INV000483,70.42857142857143,at-risk,8,17764.375
INV000491,95.0,at-risk,6,7168.0
INV000493,47.55555555555556,at-risk,10,13008.5
INV000497,71.83333333333333,at-risk,7,10298.142857142857
INV000499,77.83333333333333,at-risk,7,18192.0
INV000507,70.16666666666667,at-risk,7,8417.142857142857
INV000512,54.75,at-risk,9,8158.444444444444
INV000522,100.8,at-risk,6,4712.5
INV000524,55.0,at-risk,7,16938.714285714286
INV000527,50.8,at-risk,6,19261.666666666668
INV000529,59.2,at-risk,6,3837.8333333333335
INV000531,47.0,at-risk,7,21654.85714285714
INV000539,77.0,at-risk,7,15338.714285714286
INV000540,73.5,at-risk,7,11182.285714285714
INV000543,83.66666666666667,at-risk,7,23244.428571428572
INV000545,80.6,at-risk,6,8091.333333333333
INV000546,55.0,at-risk,9,10222.444444444445
INV000547,55.8,at-risk,6,6189.166666666667
INV000549,96.2,at-risk,6,14464.0
INV000553,72.0,at-risk,6,9116.333333333334
INV000554,70.2,at-risk,6,9456.833333333334
INV000556,52.42857142857143,at-risk,8,15802.0
INV000562,74.4,at-risk,6,8048.666666666667
INV000563,76.33333333333333,at-risk,7,8479.714285714286
INV000566,35.0,active,7,17144.14285714286
INV000567,63.8,at-risk,6,5546.166666666667
INV000568,62.4,at-risk,6,17825.5
INV000570,67.28571428571429,at-risk,8,17030.25
INV000573,50.833333333333336,at-risk,7,16376.0
INV000575,71.6,at-risk,6,7198.666666666667
INV000578,66.83333333333333,at-risk,7,13142.285714285714
INV000581,78.33333333333333,at-risk,7,8409.0
INV000586,44.5,at-risk,7,19731.714285714286
INV000589,59.125,at-risk,9,7705.0
INV000591,64.5,at-risk,7,2266.714285714286
INV000593,74.2,at-risk,6,5179.666666666667
INV000596,51.75,at-risk,9,18879.444444444445
INV000597,88.6,at-risk,6,13748.0
INV000599,81.5,at-risk,7,14822.57142857143
INV000607,66.66666666666667,at-risk,7,5527.571428571428
INV000608,100.2,at-risk,6,7579.166666666667
INV000609,47.0,at-risk,6,7368.666666666667
INV000612,49.3,at-risk,11,11240.727272727272
INV000615,55.833333333333336,at-risk,7,4225.285714285715
INV000624,31.666666666666668,active,7,18848.14285714286
INV000625,86.4,at-risk,6,3899.5
INV000630,68.66666666666667,at-risk,7,7883.142857142857
INV000631,54.0,at-risk,6,7553.166666666667
INV000634,52.25,at-risk,9,10955.0
INV000635,75.0,at-risk,6,5027.166666666667
INV000641,54.8,at-risk,6,15470.833333333334
INV000642,53.5,at-risk,9,12201.888888888889
INV000645,66.0,at-risk,6,4441.0
INV000646,62.333333333333336,at-risk,7,10887.42857142857
INV000651,94.0,at-risk,6,5730.166666666667
INV000652,93.8,at-risk,6,5806.166666666667
INV000657,64.71428571428571,at-risk,8,12923.5
INV000662,66.14285714285714,at-risk,8,4279.75
INV000663,94.4,at-risk,6,13886.0
INV000665,36.22222222222222,at-risk,10,5614.0
INV000667,68.0,at-risk,6,19619.166666666668
INV000673,92.8,at-risk,6,24255.5
INV000675,62.8,at-risk,6,3860.0
INV000676,35.3,at-risk,11,15885.545454545454
INV000678,63.333333333333336,at-risk,7,5231.857142857143
INV000683,54.5,at-risk,9,5297.555555555556
INV000690,56.285714285714285,at-risk,8,21146.375
INV000691,66.4,at-risk,6,8393.833333333334
INV000698,52.25,at-risk,9,8649.777777777777
INV000699,42.8,at-risk,6,8594.666666666666
INV000701,83.66666666666667,at-risk,7,7355.142857142857
INV000707,34.375,active,9,5665.333333333333
INV000709,65.16666666666667,at-risk,7,20532.0
INV000710,88.6,at-risk,6,10495.833333333334
INV000714,37.0,at-risk,9,5279.888888888889
INV000718,57.833333333333336,at-risk,7,7531.285714285715
INV000719,72.83333333333333,at-risk,7,18750.285714285714
INV000724,81.2,at-risk,6,5546.833333333333
INV000725,67.66666666666667,at-risk,7,12851.714285714286
INV000734,64.0,at-risk,8,13509.5
INV000737,92.6,at-risk,6,24390.166666666668
INV000747,84.6,at-risk,6,14489.833333333334
INV000750,26.5,active,9,10664.333333333334
INV000751,53.0,at-risk,9,4684.777777777777
INV000754,72.33333333333333,at-risk,7,13945.142857142857
INV000759,83.0,at-risk,7,6291.142857142857
INV000761,75.16666666666667,at-risk,7,16496.285714285714
INV000768,60.0,at-risk,8,10134.375
INV000772,46.0,at-risk,6,14796.5
INV000774,73.66666666666667,at-risk,7,11959.285714285714
INV000776,59.42857142857143,at-risk,8,5053.0
INV000777,66.0,at-risk,6,3491.0
INV000778,59.714285714285715,at-risk,8,12404.625
INV000779,75.0,at-risk,6,2035.8333333333333
INV000783,89.8,at-risk,6,23029.166666666668
INV000785,32.6,active,6,4885.333333333333
INV000786,64.125,at-risk,9,8206.555555555555
INV000789,55.142857142857146,at-risk,8,13835.375
INV000793,69.14285714285714,at-risk,8,13141.125
INV000803,77.16666666666667,at-risk,7,10773.142857142857
INV000814,94.0,at-risk,6,18618.0
INV000822,55.5,at-risk,7,9847.57142857143
INV000823,39.666666666666664,at-risk,7,7056.428571428572
INV000827,58.285714285714285,at-risk,8,5769.875
INV000830,72.2,at-risk,6,12856.833333333334
INV000833,67.28571428571429,at-risk,8,11087.375
INV000836,84.8,at-risk,6,21329.0
INV000843,55.6,at-risk,6,8247.333333333334
INV000844,66.16666666666667,at-risk,7,6949.571428571428
INV000847,47.8,at-risk,6,3461.8333333333335
INV000853,49.333333333333336,at-risk,10,6186.5
INV000854,61.25,at-risk,9,16595.0
INV000858,44.875,at-risk,9,7879.777777777777
INV000862,91.2,at-risk,6,19856.5
INV000864,40.8,at-risk,6,12031.833333333334
INV000865,45.75,at-risk,9,18320.555555555555
INV000869,65.4,at-risk,6,4900.0
INV000873,73.5,at-risk,7,6405.571428571428
INV000874,62.125,at-risk,9,4321.666666666667
INV000877,59.4,at-risk,6,19343.666666666668
INV000881,46.111111111111114,at-risk,10,6143.7
INV000887,65.66666666666667,at-risk,7,16553.85714285714
INV000888,80.33333333333333,at-risk,7,14059.0
INV000893,59.5,at-risk,7,13315.42857142857
INV000894,55.0,at-risk,6,6165.666666666667
INV000901,54.0,at-risk,6,6016.666666666667
INV000907,59.2,at-risk,6,4420.0
INV000920,75.6,at-risk,6,16275.333333333334
INV000926,80.0,at-risk,6,11168.666666666666
INV000929,58.166666666666664,at-risk,7,21448.428571428572
INV000930,32.42857142857143,active,8,11623.625
INV000935,30.875,active,9,16980.444444444445
INV000939,60.57142857142857,at-risk,8,8688.375
INV000942,53.0,at-risk,7,19784.714285714286
INV000949,67.5,at-risk,7,7112.0
INV000950,91.0,at-risk,6,6197.0
INV000971,46.833333333333336,at-risk,7,5562.857142857143
INV000974,73.5,at-risk,7,5717.428571428572
INV000977,48.77777777777778,at-risk,10,12973.5
INV000979,79.8,at-risk,6,23575.0
INV000980,44.42857142857143,at-risk,8,26064.75
INV000981,50.4,at-risk,6,11407.0
INV000986,60.833333333333336,at-risk,7,23769.714285714286
INV000994,63.8,at-risk,6,9302.833333333334
INV001001,60.285714285714285,at-risk,8,8466.375
INV001002,41.666666666666664,at-risk,7,5442.571428571428
INV001005,93.6,at-risk,6,12422.5
INV001008,64.66666666666667,at-risk,7,9032.42857142857
INV001013,96.8,at-risk,6,13639.666666666666
INV001017,67.0,at-risk,6,4641.0
INV001019,44.875,at-risk,9,6953.666666666667
INV001021,68.66666666666667,at-risk,7,7756.428571428572
INV001023,72.42857142857143,at-risk,8,4754.5
INV001025,38.8,at-risk,6,12834.833333333334
INV001026,69.4,at-risk,6,8600.0
INV001037,42.0,at-risk,10,7392.2
INV001039,66.2,at-risk,6,3306.6666666666665
INV001041,83.0,at-risk,7,10374.857142857143
INV001047,66.16666666666667,at-risk,7,7556.285714285715
INV001048,47.0,at-risk,8,4561.375
INV001051,54.142857142857146,at-risk,8,7181.375
INV001053,55.857142857142854,at-risk,8,5767.5
INV001055,93.2,at-risk,6,12851.5
INV001060,53.375,at-risk,9,12632.222222222223
INV001061,51.125,at-risk,9,11088.222222222223
INV001063,43.285714285714285,at-risk,8,3849.375
INV001064,59.5,at-risk,9,16849.777777777777
INV001069,41.285714285714285,at-risk,8,12028.75
INV001070,97.0,at-risk,6,17320.5
INV001092,77.33333333333333,at-risk,7,10804.57142857143
INV001099,26.142857142857142,active,8,16967.375
INV001102,55.333333333333336,at-risk,7,12505.57142857143
INV001115,81.4,at-risk,6,8564.5
INV001116,58.125,at-risk,9,8303.111111111111
INV001117,61.714285714285715,at-risk,8,6735.25
INV001130,76.83333333333333,at-risk,7,19956.428571428572
INV001137,57.0,at-risk,7,5098.714285714285
INV001140,60.4,at-risk,6,6604.666666666667
INV001141,97.6,at-risk,6,5743.333333333333
INV001142,42.833333333333336,at-risk,7,8588.0
INV001156,102.4,at-risk,6,8662.833333333334
INV001160,57.57142857142857,at-risk,8,5630.375
INV001161,80.6,at-risk,6,24377.0
INV001163,67.33333333333333,at-risk,7,4839.571428571428
INV001167,96.2,at-risk,6,13004.0
INV001170,68.2,at-risk,6,11778.833333333334
INV001173,67.0,at-risk,6,9730.333333333334
INV001178,79.66666666666667,at-risk,7,5409.142857142857
INV001180,74.4,at-risk,6,17369.333333333332
INV001181,67.42857142857143,at-risk,8,11402.25
INV001190,97.0,at-risk,6,7624.0
INV001195,53.42857142857143,at-risk,8,15960.875
INV001196,92.2,at-risk,6,10306.666666666666
INV001202,58.0,at-risk,8,6864.875
INV001206,83.6,at-risk,6,12732.5
INV001208,51.833333333333336,at-risk,7,9780.857142857143
INV001210,36.875,at-risk,9,9343.333333333334
INV001217,60.142857142857146,at-risk,8,12382.625
INV001219,50.857142857142854,at-risk,8,11309.125
INV001220,77.16666666666667,at-risk,7,2630.0
INV001223,70.83333333333333,at-risk,7,11657.142857142857
INV001234,60.57142857142857,at-risk,8,11387.875
INV001235,59.0,at-risk,9,13996.222222222223
INV001237,98.0,at-risk,6,11129.666666666666
INV001238,68.5,at-risk,7,6508.571428571428
INV001242,69.8,at-risk,6,4443.0
INV001251,82.0,at-risk,6,23819.833333333332
INV001262,44.833333333333336,at-risk,7,19420.428571428572
INV001274,73.33333333333333,at-risk,7,8087.0
INV001275,66.66666666666667,at-risk,7,7382.285714285715
INV001282,67.0,at-risk,6,8395.666666666666
INV001287,92.2,at-risk,6,12419.833333333334
INV001288,45.666666666666664,at-risk,7,18177.14285714286
INV001291,76.2,at-risk,6,19679.333333333332
INV001295,50.75,at-risk,9,7427.0
INV001298,71.83333333333333,at-risk,7,1880.0
INV001299,51.25,at-risk,9,7545.111111111111
INV001304,97.6,at-risk,6,21267.5
INV001308,54.625,at-risk,9,16138.666666666666
INV001310,81.2,at-risk,6,8143.5
INV001314,50.44444444444444,at-risk,10,19602.8
INV001315,51.833333333333336,at-risk,7,8979.142857142857
INV001316,92.4,at-risk,6,2472.5
INV001317,84.8,at-risk,6,4932.0
INV001318,46.22222222222222,at-risk,10,11266.3
INV001326,69.42857142857143,at-risk,8,12885.25
INV001329,68.2,at-risk,6,10055.166666666666
INV001331,94.2,at-risk,6,5223.833333333333
INV001332,80.0,at-risk,7,8141.714285714285
INV001333,78.66666666666667,at-risk,7,1682.7142857142858
INV001336,65.85714285714286,at-risk,8,11856.5
INV001348,47.833333333333336,at-risk,7,13003.142857142857
INV001351,70.5,at-risk,7,20901.14285714286
INV001355,60.2,at-risk,6,6998.666666666667
INV001356,79.2,at-risk,6,6641.166666666667
INV001359,72.5,at-risk,7,15693.714285714286
INV001361,50.5,at-risk,7,14238.42857142857
INV001367,99.0,at-risk,6,11966.333333333334
INV001375,78.5,at-risk,7,6673.714285714285
INV001376,78.66666666666667,at-risk,7,9437.0
INV001383,56.142857142857146,at-risk,8,10010.0
INV001387,57.25,at-risk,9,12385.555555555555
INV001394,63.57142857142857,at-risk,8,15889.375
INV001400,76.8,at-risk,6,18648.833333333332
INV001401,68.6,at-risk,6,6570.166666666667
INV001406,47.666666666666664,at-risk,10,7149.4
INV001407,45.2,at-risk,6,8245.666666666666
INV001415,68.14285714285714,at-risk,8,6007.875
INV001418,88.6,at-risk,6,4614.666666666667
INV001419,85.8,at-risk,6,11238.0
INV001423,48.57142857142857,at-risk,8,8048.0
INV001428,79.4,at-risk,6,12005.333333333334
INV001432,71.4,at-risk,6,3776.0
INV001434,80.6,at-risk,6,12186.0
INV001442,57.125,at-risk,9,7468.555555555556
INV001454,73.0,at-risk,7,5381.0
INV001455,64.71428571428571,at-risk,8,5889.125
INV001457,43.8,at-risk,6,14324.5
INV001458,59.833333333333336,at-risk,7,11216.857142857143
INV001466,44.6,at-risk,6,17092.5
INV001472,79.0,at-risk,6,19989.5
INV001482,80.6,at-risk,6,14041.666666666666
INV001485,55.0,at-risk,9,12581.111111111111
INV001491,98.8,at-risk,6,6317.333333333333
INV001497,63.0,at-risk,9,8655.777777777777
INV001504,54.25,at-risk,9,14644.888888888889
INV001507,86.2,at-risk,6,4000.6666666666665
INV001510,66.83333333333333,at-risk,7,16169.285714285714
INV001514,51.833333333333336,at-risk,7,21436.571428571428
INV001516,56.8,at-risk,6,17787.833333333332
INV001526,50.4,at-risk,6,7605.333333333333
INV001530,64.66666666666667,at-risk,7,2585.714285714286
INV001532,56.833333333333336,at-risk,7,11822.42857142857
INV001536,69.0,at-risk,7,15443.857142857143
INV001545,92.8,at-risk,6,14331.0
INV001547,72.16666666666667,at-risk,7,10772.142857142857
INV001548,80.6,at-risk,6,11874.0
INV001550,79.0,at-risk,7,12274.857142857143
INV001551,61.8,at-risk,6,3034.1666666666665
INV001562,44.22222222222222,at-risk,10,6655.6
INV001564,55.714285714285715,at-risk,8,9286.0
INV001569,83.4,at-risk,6,14087.5
INV001579,75.0,at-risk,7,19122.14285714286
INV001580,45.666666666666664,at-risk,7,12203.857142857143
INV001585,56.6,at-risk,6,10181.833333333334
INV001587,65.0,at-risk,7,10350.285714285714
INV001597,56.0,at-risk,7,14155.857142857143
INV001599,58.2,at-risk,6,8780.166666666666
INV001602,93.8,at-risk,6,11051.666666666666
INV001603,54.5,at-risk,7,9150.142857142857
INV001605,60.57142857142857,at-risk,8,20236.0
INV001606,67.66666666666667,at-risk,7,13665.142857142857
INV001616,53.0,at-risk,9,17040.11111111111
INV001623,92.0,at-risk,6,10498.833333333334
INV001625,72.0,at-risk,6,2500.0
INV001628,51.714285714285715,at-risk,8,13924.25
INV001629,67.5,at-risk,7,4878.428571428572
INV001631,57.0,at-risk,6,1552.8333333333333
INV001636,48.875,at-risk,9,3992.777777777778
INV001641,88.4,at-risk,6,12854.833333333334
INV001644,65.6,at-risk,6,20627.5
INV001645,67.6,at-risk,6,8047.166666666667
INV001649,51.666666666666664,at-risk,10,11345.8
INV001651,78.66666666666667,at-risk,7,23184.714285714286
INV001653,55.2,at-risk,6,12773.166666666666
INV001654,56.0,at-risk,7,15545.142857142857
INV001656,59.857142857142854,at-risk,8,9754.625
INV001662,60.2,at-risk,6,11240.833333333334
INV001672,34.0,active,9,10059.111111111111
INV001673,49.3,at-risk,11,7431.727272727273
INV001680,58.875,at-risk,9,5223.888888888889
INV001683,72.5,at-risk,7,11441.142857142857
INV001689,83.6,at-risk,6,9970.5
INV001690,81.16666666666667,at-risk,7,8933.142857142857
INV001691,82.0,at-risk,6,6774.666666666667
INV001694,66.14285714285714,at-risk,8,18368.125
INV001697,62.5,at-risk,9,13125.777777777777
INV001699,83.2,at-risk,6,17326.0
INV001709,51.8,at-risk,6,8376.5
INV001711,65.83333333333333,at-risk,7,3770.0
INV001712,66.6,at-risk,6,11045.666666666666
INV001715,68.28571428571429,at-risk,8,12951.625
INV001718,84.0,at-risk,6,25318.166666666668
INV001724,69.66666666666667,at-risk,7,12511.42857142857
INV001728,50.57142857142857,at-risk,8,17874.75
INV001737,56.833333333333336,at-risk,7,14734.42857142857
INV001738,47.5,at-risk,9,17476.444444444445
INV001739,52.5,at-risk,9,12635.666666666666
INV001741,89.4,at-risk,6,15788.166666666666
INV001744,78.5,at-risk,7,12068.42857142857
INV001752,69.33333333333333,at-risk,7,7283.142857142857
INV001753,42.8,at-risk,11,10154.90909090909
INV001757,55.57142857142857,at-risk,8,2015.125
INV001759,49.55555555555556,at-risk,10,10821.5
INV001769,98.0,at-risk,6,4826.166666666667
INV001772,95.0,at-risk,6,18857.666666666668
INV001775,29.142857142857142,active,8,11608.0
INV001777,57.625,at-risk,9,12815.555555555555
INV001778,63.57142857142857,at-risk,8,6840.125
INV001797,79.66666666666667,at-risk,7,6479.285714285715
INV001800,49.666666666666664,at-risk,7,14341.714285714286
INV001802,61.666666666666664,at-risk,7,14196.57142857143
INV001803,59.0,at-risk,6,4939.666666666667
INV001804,55.857142857142854,at-risk,8,12216.75
INV001806,60.0,at-risk,8,12282.5
INV001809,95.6,at-risk,6,11156.166666666666
INV001811,54.25,at-risk,9,26043.333333333332
INV001822,19.8,active,6,7183.833333333333
INV001823,58.142857142857146,at-risk,8,3860.75
INV001826,51.2,at-risk,6,7166.833333333333
INV001828,44.42857142857143,at-risk,8,7160.25
INV001831,72.8,at-risk,6,7961.0
INV001837,62.833333333333336,at-risk,7,10719.142857142857
INV001841,56.2,at-risk,6,8121.5
INV001853,47.42857142857143,at-risk,8,19761.125
INV001858,55.142857142857146,at-risk,8,13899.75
INV001865,63.5,at-risk,7,5355.714285714285
INV001866,58.8,at-risk,6,8723.666666666666
INV001870,76.0,at-risk,7,21588.428571428572
INV001871,55.0,at-risk,7,14958.42857142857
INV001883,99.2,at-risk,6,2790.8333333333335
INV001885,71.2,at-risk,6,2719.0
INV001886,50.75,at-risk,9,8210.888888888889
INV001890,102.6,at-risk,6,1315.0
INV001891,96.4,at-risk,6,3694.8333333333335
INV001909,62.142857142857146,at-risk,8,9714.5
INV001912,86.4,at-risk,6,12097.5
INV001920,39.0,at-risk,7,15915.142857142857
INV001921,68.57142857142857,at-risk,8,11786.75
INV001923,80.66666666666667,at-risk,7,6001.571428571428
INV001924,59.166666666666664,at-risk,7,13699.42857142857
INV001927,58.8,at-risk,6,7121.5
INV001929,66.2,at-risk,6,11247.333333333334
INV001937,60.42857142857143,at-risk,8,6505.375
INV001938,43.0,at-risk,9,5215.0
INV001943,74.4,at-risk,6,10632.0
INV001950,60.166666666666664,at-risk,7,12626.142857142857
INV001951,58.833333333333336,at-risk,7,5691.428571428572
INV001954,86.8,at-risk,6,6360.666666666667
INV001955,76.0,at-risk,6,13351.0
INV001961,83.4,at-risk,6,14541.666666666666
INV001969,79.2,at-risk,6,3763.0
INV001971,54.714285714285715,at-risk,8,12025.875
INV001972,42.42857142857143,at-risk,8,18490.125
INV001978,83.2,at-risk,6,5564.5
INV001979,55.4,at-risk,6,13043.666666666666
INV001982,85.8,at-risk,6,19808.166666666668
INV001986,47.666666666666664,at-risk,7,13367.42857142857
INV001987,67.0,at-risk,7,14521.57142857143
INV001990,45.285714285714285,at-risk,8,7516.625
INV001993,56.6,at-risk,6,7042.166666666667
INV001995,48.6,at-risk,6,12736.333333333334
INV001997,88.6,at-risk,6,3846.3333333333335
INV002001,84.8,at-risk,6,5999.5
INV002006,73.6,at-risk,6,9379.666666666666
INV002010,74.6,at-risk,6,18560.666666666668
INV002017,44.666666666666664,at-risk,7,6871.285714285715
INV002018,63.6,at-risk,6,3798.6666666666665
INV002019,68.8,at-risk,6,8477.666666666666
INV002025,55.833333333333336,at-risk,7,7504.428571428572
INV002033,55.0,at-risk,7,6168.857142857143
INV002034,69.0,at-risk,8,9410.75
INV002037,33.2,active,6,9719.5
INV002038,84.0,at-risk,6,14840.333333333334
INV002051,78.6,at-risk,6,16852.0
INV002052,44.166666666666664,at-risk,7,20547.428571428572
INV002069,47.55555555555556,at-risk,10,8274.6
INV002070,81.33333333333333,at-risk,7,10141.857142857143
INV002083,51.666666666666664,at-risk,10,14275.3
INV002085,65.0,at-risk,6,14839.166666666666
INV002090,90.2,at-risk,6,6395.833333333333
INV002092,33.5,active,7,9051.142857142857
INV002101,80.2,at-risk,6,11856.666666666666
INV002102,44.8,at-risk,6,15130.333333333334
INV002107,71.14285714285714,at-risk,8,12583.375
INV002111,62.42857142857143,at-risk,8,10612.375
INV002119,78.0,at-risk,6,13785.0
INV002121,68.5,at-risk,7,9906.0
INV002122,40.333333333333336,at-risk,7,9555.857142857143
INV002127,60.2,at-risk,6,11070.833333333334
INV002134,82.66666666666667,at-risk,7,4146.857142857143
INV002138,91.8,at-risk,6,3383.0
INV002142,45.5,at-risk,9,13185.444444444445
INV002143,63.57142857142857,at-risk,8,9244.75
INV002149,42.285714285714285,at-risk,8,8878.0
INV002150,73.6,at-risk,6,9530.5
INV002151,60.375,at-risk,9,20587.777777777777
INV002153,67.83333333333333,at-risk,7,4018.714285714286
INV002154,89.4,at-risk,6,7097.833333333333
INV002155,78.0,at-risk,6,4045.0
INV002157,58.5,at-risk,7,9430.0
INV002159,65.0,at-risk,6,9659.5
INV002162,58.375,at-risk,9,19630.444444444445
INV002166,99.2,at-risk,6,14736.833333333334
INV002171,55.833333333333336,at-risk,7,7962.285714285715
INV002177,73.0,at-risk,7,13331.57142857143
INV002178,66.42857142857143,at-risk,8,8288.625
INV002179,54.142857142857146,at-risk,8,9659.5
INV002182,70.5,at-risk,7,18267.428571428572
INV002185,48.4,at-risk,6,14516.833333333334
INV002186,74.83333333333333,at-risk,7,15779.285714285714
INV002187,67.83333333333333,at-risk,7,7385.428571428572
INV002195,49.25,at-risk,9,15740.111111111111
INV002196,62.142857142857146,at-risk,8,15376.75
INV002198,43.0,at-risk,9,5559.444444444444
INV002199,50.833333333333336,at-risk,7,3259.0
INV002202,70.42857142857143,at-risk,8,2001.625
INV002206,49.0,at-risk,7,17122.285714285714
INV002208,71.33333333333333,at-risk,7,16272.42857142857
INV002211,63.833333333333336,at-risk,7,10842.285714285714
INV002216,61.714285714285715,at-risk,8,15309.0
INV002218,67.8,at-risk,6,13086.5
INV002219,70.85714285714286,at-risk,8,5199.875
INV002228,68.6,at-risk,6,12535.833333333334
INV002229,64.6,at-risk,6,18955.166666666668
INV002230,57.57142857142857,at-risk,8,21370.0
INV002232,69.16666666666667,at-risk,7,15024.42857142857
INV002236,73.66666666666667,at-risk,7,5463.714285714285
INV002237,51.666666666666664,at-risk,7,8752.0
INV002240,77.83333333333333,at-risk,7,4032.714285714286
INV002241,65.66666666666667,at-risk,7,5834.0
INV002251,62.6,at-risk,6,23459.0
INV002256,75.6,at-risk,6,14443.166666666666
INV002259,45.333333333333336,at-risk,7,19896.571428571428
INV002260,77.8,at-risk,6,7204.0
INV002265,63.166666666666664,at-risk,7,10667.142857142857
INV002277,67.33333333333333,at-risk,7,8365.42857142857
INV002280,71.66666666666667,at-risk,7,6867.142857142857
INV002282,53.2,at-risk,6,15078.0
INV002284,85.0,at-risk,6,18936.0
INV002290,61.6,at-risk,6,8174.833333333333
INV002294,48.714285714285715,at-risk,8,11708.625
INV002295,64.5,at-risk,7,13906.857142857143
INV002298,23.2,active,6,13212.166666666666
INV002304,42.55555555555556,at-risk,10,8883.7
INV002315,71.83333333333333,at-risk,7,10224.857142857143
INV002319,60.0,at-risk,7,11039.714285714286
INV002322,63.4,at-risk,6,9111.5
INV002327,76.4,at-risk,6,2989.3333333333335
INV002329,57.0,at-risk,7,13523.0
INV002342,74.2,at-risk,6,7189.0
INV002343,57.75,at-risk,9,10820.888888888889
INV002347,40.5,at-risk,9,3390.777777777778
INV002348,94.4,at-risk,6,7222.5
INV002349,52.2,at-risk,6,5297.666666666667
INV002351,77.2,at-risk,6,11006.5
INV002357,68.33333333333333,at-risk,7,11092.57142857143
INV002360,56.125,at-risk,9,16429.777777777777
INV002361,55.4,at-risk,6,20522.5
INV002367,52.5,at-risk,7,7472.714285714285
INV002368,61.166666666666664,at-risk,7,5243.714285714285
INV002369,60.0,at-risk,6,23724.666666666668
INV002370,70.16666666666667,at-risk,7,12839.42857142857
INV002372,95.2,at-risk,6,9195.0
INV002373,70.14285714285714,at-risk,8,22172.125
INV002374,21.2,active,6,14520.0
INV002384,39.111111111111114,at-risk,10,10729.7
INV002388,33.2,active,6,18252.833333333332
INV002389,50.77777777777778,at-risk,10,3740.1
INV002390,47.0,at-risk,6,15123.5
INV002391,40.2,at-risk,6,9875.0
INV002395,97.0,at-risk,6,9768.333333333334
INV002400,55.375,at-risk,9,4112.0
INV002401,59.142857142857146,at-risk,8,3867.625
INV002402,47.166666666666664,at-risk,7,13089.0
INV002407,47.833333333333336,at-risk,7,9855.857142857143
INV002409,55.57142857142857,at-risk,8,11102.875
INV002413,53.0,at-risk,8,7996.75
INV002415,57.42857142857143,at-risk,8,12105.125
INV002417,83.33333333333333,at-risk,7,18104.14285714286
INV002418,91.6,at-risk,6,5825.333333333333
INV002420,72.8,at-risk,6,9098.0
INV002422,50.333333333333336,at-risk,10,7801.5
INV002429,78.6,at-risk,6,15847.0
INV002434,88.2,at-risk,6,6403.5
INV002437,49.166666666666664,at-risk,7,25765.0
INV002445,38.142857142857146,at-risk,8,11658.125
INV002453,63.0,at-risk,7,10973.57142857143
INV002458,72.4,at-risk,6,13438.0
INV002459,53.714285714285715,at-risk,8,5030.25
INV002463,95.4,at-risk,6,7298.666666666667
INV002464,35.4,at-risk,6,8395.333333333334
INV002466,80.66666666666667,at-risk,7,13802.714285714286
INV002467,38.857142857142854,at-risk,8,25007.25
INV002471,56.4,at-risk,6,10892.5
INV002475,49.666666666666664,at-risk,10,6514.0
INV002476,86.0,at-risk,6,12475.166666666666
INV002485,70.4,at-risk,6,9764.666666666666
INV002490,70.0,at-risk,8,27734.5
INV002495,82.2,at-risk,6,10768.166666666666
INV002496,53.0,at-risk,6,4723.5
INV002497,67.28571428571429,at-risk,8,13201.625
INV002508,51.625,at-risk,9,14283.0
INV002509,33.666666666666664,active,10,11777.9
INV002510,64.33333333333333,at-risk,7,11857.285714285714
INV002521,74.6,at-risk,6,7773.0
INV002527,49.666666666666664,at-risk,7,1349.142857142857
INV002530,71.42857142857143,at-risk,8,9263.875
INV002531,76.33333333333333,at-risk,7,4407.714285714285
INV002543,74.66666666666667,at-risk,7,12909.714285714286
INV002547,89.0,at-risk,6,3321.1666666666665
INV002552,48.22222222222222,at-risk,10,11749.6
INV002554,49.666666666666664,at-risk,7,7287.285714285715
INV002555,72.0,at-risk,7,12522.142857142857
INV002557,67.16666666666667,at-risk,7,4655.571428571428
INV002558,97.6,at-risk,6,8667.0
INV002560,95.2,at-risk,6,4322.333333333333
INV002563,65.8,at-risk,6,3029.8333333333335
INV002567,82.0,at-risk,6,8630.0
INV002568,61.57142857142857,at-risk,8,17298.0
INV002570,62.0,at-risk,7,3756.5714285714284
INV002572,55.714285714285715,at-risk,8,15845.0
INV002574,79.4,at-risk,6,16367.333333333334
INV002575,56.125,at-risk,9,17268.777777777777
INV002579,40.8,at-risk,6,22776.0
INV002582,77.4,at-risk,6,3055.5
INV002585,65.0,at-risk,6,7815.666666666667
INV002586,87.2,at-risk,6,12217.333333333334
INV002590,50.22222222222222,at-risk,10,15105.6
INV002591,52.2,at-risk,6,4949.166666666667
INV002594,94.0,at-risk,6,16481.833333333332
INV002598,51.375,at-risk,9,13466.444444444445
INV002602,66.0,at-risk,8,11926.75
INV002606,89.6,at-risk,6,12277.666666666666
INV002613,65.0,at-risk,8,2981.125
INV002622,76.66666666666667,at-risk,7,9166.714285714286
INV002627,85.0,at-risk,6,6768.166666666667
INV002628,77.0,at-risk,6,7102.666666666667
INV002632,65.57142857142857,at-risk,8,8803.75
INV002640,70.0,at-risk,7,9561.142857142857
INV002643,74.2,at-risk,6,5390.5
INV002645,45.166666666666664,at-risk,7,12811.57142857143
INV002654,61.857142857142854,at-risk,8,12141.375
INV002659,62.333333333333336,at-risk,7,13796.42857142857
INV002666,53.166666666666664,at-risk,7,7258.142857142857
INV002671,77.16666666666667,at-risk,7,17346.571428571428
INV002673,65.0,at-risk,8,25660.875
INV002674,75.8,at-risk,6,18316.0
INV002675,63.857142857142854,at-risk,8,13030.875
INV002681,83.66666666666667,at-risk,7,11116.142857142857
INV002684,80.6,at-risk,6,13507.833333333334
INV002688,37.0,at-risk,9,14174.111111111111
INV002689,50.0,at-risk,8,9848.75
INV002693,45.833333333333336,at-risk,7,23834.714285714286
INV002697,55.333333333333336,at-risk,7,8743.857142857143
INV002700,79.83333333333333,at-risk,7,5784.0
INV002704,59.142857142857146,at-risk,8,9432.25
INV002705,22.571428571428573,active,8,6686.625
INV002706,73.6,at-risk,6,11614.0
INV002711,65.57142857142857,at-risk,8,9203.5
INV002712,46.8,at-risk,11,9284.454545454546
INV002722,61.4,at-risk,6,6146.0
INV002723,37.75,at-risk,9,4953.888888888889
INV002724,76.6,at-risk,6,15783.5
INV002726,45.57142857142857,at-risk,8,5152.75
INV002732,70.71428571428571,at-risk,8,12106.75
INV002733,51.57142857142857,at-risk,8,7053.0
INV002735,68.16666666666667,at-risk,7,12662.142857142857
INV002736,70.6,at-risk,6,10792.833333333334
INV002737,58.42857142857143,at-risk,8,12784.875
INV002743,88.2,at-risk,6,6810.833333333333
INV002744,52.888888888888886,at-risk,10,6496.7
INV002746,68.0,at-risk,8,6096.125
INV002750,72.4,at-risk,6,9129.666666666666
INV002751,41.5,at-risk,7,13616.285714285714
INV002758,81.0,at-risk,6,16720.333333333332
INV002761,80.6,at-risk,6,10183.5
INV002766,70.6,at-risk,6,12268.666666666666
INV002767,55.333333333333336,at-risk,7,7848.0
INV002769,82.0,at-risk,7,21410.0
INV002772,74.5,at-risk,7,8569.142857142857
INV002779,64.2,at-risk,6,20108.833333333332
INV002783,64.0,at-risk,7,9081.42857142857
INV002786,76.33333333333333,at-risk,7,13484.42857142857
INV002793,59.333333333333336,at-risk,7,10441.57142857143
INV002794,56.166666666666664,at-risk,7,8869.142857142857
INV002799,70.8,at-risk,6,12955.333333333334
INV002800,63.5,at-risk,7,13252.42857142857
INV002803,64.83333333333333,at-risk,7,4705.142857142857
INV002804,59.857142857142854,at-risk,8,6330.125
INV002808,59.666666666666664,at-risk,7,16397.428571428572
INV002809,81.4,at-risk,6,4665.333333333333
INV002810,32.285714285714285,active,8,24797.75
INV002813,49.0,at-risk,7,8419.714285714286
INV002822,53.0,at-risk,7,11389.0
INV002824,71.83333333333333,at-risk,7,18489.14285714286
INV002826,61.6,at-risk,6,2806.8333333333335
INV002827,73.6,at-risk,6,5271.666666666667
INV002828,80.0,at-risk,6,4082.6666666666665
INV002831,40.2,at-risk,6,6852.333333333333
INV002835,82.33333333333333,at-risk,7,9513.857142857143
INV002838,56.714285714285715,at-risk,8,10673.75
INV002841,43.4,at-risk,6,11028.166666666666
INV002843,43.142857142857146,at-risk,8,4971.5
INV002847,52.666666666666664,at-risk,10,5497.1
INV002850,53.166666666666664,at-risk,7,8602.285714285714
INV002852,75.8,at-risk,6,12121.833333333334
INV002859,76.5,at-risk,7,14572.857142857143
INV002863,74.4,at-risk,6,10690.166666666666
INV002865,37.2,at-risk,6,16834.5
INV002870,48.2,at-risk,6,7827.5
INV002872,85.6,at-risk,6,7791.5
INV002873,98.2,at-risk,6,17248.0
INV002879,72.16666666666667,at-risk,7,9602.714285714286
INV002881,43.6,at-risk,6,12311.666666666666
INV002883,96.0,at-risk,6,21329.666666666668
INV002886,44.333333333333336,at-risk,7,15994.0
INV002891,72.71428571428571,at-risk,8,11482.0
INV002893,50.0,at-risk,9,7462.555555555556
INV002900,64.2,at-risk,6,12399.166666666666
INV002903,89.6,at-risk,6,5690.833333333333
INV002904,49.333333333333336,at-risk,7,3051.714285714286
INV002905,73.0,at-risk,6,6954.0
INV002906,41.2,at-risk,6,14763.0
INV002909,82.33333333333333,at-risk,7,11163.857142857143
INV002912,97.0,at-risk,6,13747.833333333334
INV002913,73.66666666666667,at-risk,7,11975.42857142857
INV002915,49.285714285714285,at-risk,8,14454.75
INV002921,53.333333333333336,at-risk,7,21543.571428571428
INV002927,40.285714285714285,at-risk,8,10592.625
INV002935,48.0,at-risk,7,7182.857142857143
INV002937,67.16666666666667,at-risk,7,19624.428571428572
INV002939,60.5,at-risk,7,7445.142857142857
INV002942,55.5,at-risk,9,9457.555555555555
INV002945,65.0,at-risk,8,14958.25
INV002947,64.16666666666667,at-risk,7,5073.142857142857
INV002950,45.857142857142854,at-risk,8,6589.75
INV002951,51.833333333333336,at-risk,7,5876.428571428572
INV002961,84.66666666666667,at-risk,7,16667.285714285714
INV002974,51.333333333333336,at-risk,7,13066.714285714286
INV002984,91.0,at-risk,6,8193.0
INV002989,86.6,at-risk,6,16166.833333333334
INV002994,58.166666666666664,at-risk,7,15650.42857142857
INV003000,67.0,at-risk,7,7796.714285714285
INV003003,58.25,at-risk,9,4816.0
INV003005,53.142857142857146,at-risk,8,11574.75
INV003007,48.25,at-risk,9,5632.0
INV003009,38.125,at-risk,9,4960.222222222223
INV003011,64.16666666666667,at-risk,7,7034.714285714285
INV003014,82.4,at-risk,6,33834.833333333336
INV003015,54.666666666666664,at-risk,7,16307.57142857143
INV003018,49.2,at-risk,6,8076.833333333333
INV003022,69.6,at-risk,6,18165.0
INV003024,44.2,at-risk,6,8258.166666666666
INV003025,35.285714285714285,at-risk,8,8943.25
INV003028,91.4,at-risk,6,12945.666666666666
INV003034,73.4,at-risk,6,15455.166666666666
INV003036,57.714285714285715,at-risk,8,16846.75
INV003037,79.5,at-risk,7,6057.0
INV003040,74.0,at-risk,6,8527.0
INV003043,73.83333333333333,at-risk,7,11163.142857142857
INV003044,71.16666666666667,at-risk,7,8701.857142857143
INV003045,36.2,at-risk,6,5398.666666666667
INV003047,70.14285714285714,at-risk,8,17135.375
INV003054,78.66666666666667,at-risk,7,10892.714285714286
INV003060,79.0,at-risk,7,9933.42857142857
INV003063,57.833333333333336,at-risk,7,3902.1428571428573
INV003070,54.5,at-risk,9,12976.666666666666
INV003074,74.8,at-risk,6,13161.166666666666
INV003075,57.42857142857143,at-risk,8,21141.5
INV003078,69.16666666666667,at-risk,7,7882.285714285715
INV003082,46.42857142857143,at-risk,8,5028.5
INV003083,66.4,at-risk,6,6364.833333333333
INV003089,65.0,at-risk,6,12126.666666666666
INV003091,50.875,at-risk,9,3999.222222222222
INV003095,86.6,at-risk,6,10708.0
INV003097,62.714285714285715,at-risk,8,18909.25
INV003105,65.5,at-risk,7,17347.571428571428
INV003112,91.6,at-risk,6,11350.833333333334
INV003113,66.85714285714286,at-risk,8,14446.5
INV003115,48.0,at-risk,6,17302.333333333332
INV003117,66.57142857142857,at-risk,8,9290.75
INV003134,76.83333333333333,at-risk,7,15972.142857142857
INV003139,55.166666666666664,at-risk,7,11336.714285714286
INV003140,57.0,at-risk,8,5909.125
INV003141,67.5,at-risk,7,12561.0
INV003144,82.5,at-risk,7,7810.142857142857
INV003146,59.5,at-risk,9,12926.666666666666
INV003151,81.0,at-risk,6,6381.666666666667
INV003153,40.666666666666664,at-risk,7,11814.714285714286
INV003158,55.625,at-risk,9,10607.333333333334
INV003161,77.4,at-risk,6,7645.0
INV003169,62.6,at-risk,6,5170.0
INV003178,56.4,at-risk,6,6580.0
INV003179,56.25,at-risk,9,7145.444444444444
INV003185,65.2,at-risk,6,13045.833333333334
INV003187,58.25,at-risk,9,5667.555555555556
INV003189,55.125,at-risk,9,3835.4444444444443
INV003191,76.8,at-risk,6,5327.833333333333
INV003193,96.6,at-risk,6,10892.166666666666
INV003196,80.33333333333333,at-risk,7,4921.142857142857
INV003205,67.66666666666667,at-risk,7,7233.571428571428
INV003210,72.2,at-risk,6,3141.8333333333335
INV003211,69.0,at-risk,7,10469.285714285714
INV003214,59.8,at-risk,6,9683.333333333334
INV003215,60.833333333333336,at-risk,7,4414.285714285715
INV003219,57.2,at-risk,6,18606.666666666668
INV003221,61.166666666666664,at-risk,7,26940.14285714286
INV003222,81.5,at-risk,7,6703.428571428572
INV003223,67.71428571428571,at-risk,8,14467.875
INV003228,70.16666666666667,at-risk,7,12619.0
INV003230,67.5,at-risk,7,8565.714285714286
INV003231,83.0,at-risk,7,8744.57142857143
INV003234,96.6,at-risk,6,7654.333333333333
INV003236,51.125,at-risk,9,13384.888888888889
INV003242,61.0,at-risk,7,8631.42857142857
INV003247,84.6,at-risk,6,15830.333333333334
INV003252,67.6,at-risk,6,17165.0
INV003256,51.0,at-risk,7,13535.0
INV003257,61.8,at-risk,6,24308.0
INV003260,89.4,at-risk,6,11064.0
INV003262,85.2,at-risk,6,23337.0
INV003267,74.4,at-risk,6,3470.8333333333335
INV003271,61.166666666666664,at-risk,7,5538.428571428572
INV003273,60.142857142857146,at-risk,8,24386.875
INV003277,53.714285714285715,at-risk,8,10158.5
INV003279,63.375,at-risk,9,17308.222222222223
INV003289,64.83333333333333,at-risk,7,15023.57142857143
INV003300,64.8,at-risk,6,15376.333333333334
INV003301,59.375,at-risk,9,20349.0
INV003304,44.22222222222222,at-risk,10,13531.5
INV003308,56.75,at-risk,9,14796.888888888889
INV003310,80.8,at-risk,6,5646.333333333333
INV003311,48.0,at-risk,9,4796.777777777777
INV003314,73.5,at-risk,7,25592.714285714286
INV003317,44.142857142857146,at-risk,8,9442.5
INV003320,45.285714285714285,at-risk,8,13392.625
INV003325,101.0,at-risk,6,7141.0
INV003329,89.0,at-risk,6,18867.333333333332
INV003336,72.33333333333333,at-risk,7,19265.714285714286
INV003338,37.5,at-risk,9,17106.0
INV003344,86.6,at-risk,6,5161.0
INV003350,92.4,at-risk,6,4654.833333333333
INV003351,54.0,at-risk,6,17400.0
INV003352,68.14285714285714,at-risk,8,14247.0
INV003357,62.4,at-risk,6,9337.0
INV003360,59.42857142857143,at-risk,8,8300.125
INV003370,63.333333333333336,at-risk,7,11742.714285714286
INV003372,59.4,at-risk,6,5170.0
INV003374,56.5,at-risk,7,7006.142857142857
INV003375,52.714285714285715,at-risk,8,16940.5
INV003376,85.8,at-risk,6,13434.833333333334
INV003379,75.16666666666667,at-risk,7,7619.285714285715
INV003380,72.4,at-risk,6,5957.333333333333
INV003382,34.2,active,6,11737.166666666666
INV003391,56.6,at-risk,6,12614.833333333334
INV003393,63.714285714285715,at-risk,8,9193.125
INV003395,79.0,at-risk,6,9360.0
INV003398,55.42857142857143,at-risk,8,5908.375
INV003403,56.6,at-risk,6,8420.333333333334
INV003404,50.285714285714285,at-risk,8,10079.625
INV003405,41.0,at-risk,8,11875.875
INV003406,59.0,at-risk,8,13115.25
INV003407,57.42857142857143,at-risk,8,6446.375
INV003422,84.66666666666667,at-risk,7,12130.0
INV003424,73.16666666666667,at-risk,7,8646.0
INV003427,84.2,at-risk,6,19619.5
INV003430,73.4,at-risk,6,9119.166666666666
INV003431,51.4,at-risk,6,10910.166666666666
INV003432,61.333333333333336,at-risk,7,9115.57142857143
INV003435,73.83333333333333,at-risk,7,13477.0
INV003437,91.2,at-risk,6,7271.166666666667
INV003448,74.5,at-risk,7,3151.0
INV003450,47.666666666666664,at-risk,10,14075.9
INV003455,35.5,at-risk,7,11390.285714285714
INV003457,60.5,at-risk,7,10753.285714285714
INV003458,67.85714285714286,at-risk,8,4489.125
INV003459,59.4,at-risk,6,7106.0
INV003473,95.8,at-risk,6,6676.333333333333
INV003475,56.0,at-risk,9,8393.555555555555
INV003478,56.625,at-risk,9,15094.777777777777
INV003479,65.71428571428571,at-risk,8,11341.25
INV003480,82.4,at-risk,6,6292.0
INV003484,73.8,at-risk,6,18042.666666666668
INV003487,70.6,at-risk,6,16008.5
INV003491,59.125,at-risk,9,6464.555555555556
INV003492,90.8,at-risk,6,6665.0
INV003495,49.22222222222222,at-risk,10,7643.9
INV003506,67.0,at-risk,7,3976.285714285714
INV003509,60.875,at-risk,9,10202.666666666666
INV003511,65.57142857142857,at-risk,8,8945.0
INV003514,74.2,at-risk,6,15116.5
INV003518,67.8,at-risk,6,6473.833333333333
INV003521,89.0,at-risk,6,7757.833333333333
INV003524,64.16666666666667,at-risk,7,10677.0
INV003526,88.2,at-risk,6,5079.666666666667
INV003528,58.625,at-risk,9,15913.555555555555
INV003530,51.0,at-risk,6,13014.0
INV003531,76.4,at-risk,6,11913.333333333334
INV003534,52.714285714285715,at-risk,8,6688.5
INV003545,90.0,at-risk,6,5761.5
INV003556,77.6,at-risk,6,6297.333333333333
INV003557,66.4,at-risk,6,8223.833333333334
INV003558,39.166666666666664,at-risk,7,10865.142857142857
INV003559,48.333333333333336,at-risk,10,13183.6
INV003562,80.5,at-risk,7,11053.0
INV003564,71.0,at-risk,8,24510.0
INV003580,72.16666666666667,at-risk,7,9200.857142857143
INV003581,51.285714285714285,at-risk,8,4912.0
INV003582,49.333333333333336,at-risk,7,10605.714285714286
INV003586,54.285714285714285,at-risk,8,17359.25
INV003592,75.6,at-risk,6,11627.5
INV003593,78.2,at-risk,6,15792.333333333334
INV003598,68.0,at-risk,8,3562.0
INV003599,50.0,at-risk,6,15698.0
INV003601,45.25,at-risk,9,6558.777777777777
INV003604,90.2,at-risk,6,11988.0
INV003607,70.4,at-risk,6,4099.5
INV003611,68.83333333333333,at-risk,7,13907.0
INV003613,67.42857142857143,at-risk,8,10642.5
INV003619,72.0,at-risk,6,5246.166666666667
INV003625,62.4,at-risk,6,14554.333333333334
INV003627,59.166666666666664,at-risk,7,2287.0
INV003630,52.0,at-risk,7,4693.857142857143
INV003633,78.8,at-risk,6,20581.833333333332
INV003634,47.8,at-risk,6,10865.5
INV003635,47.111111111111114,at-risk,10,11144.6
INV003641,67.0,at-risk,8,11390.375
INV003642,53.166666666666664,at-risk,7,16302.42857142857
INV003645,95.2,at-risk,6,3034.1666666666665
INV003649,96.8,at-risk,6,14389.833333333334
INV003650,33.9,active,11,3969.909090909091
INV003654,60.5,at-risk,7,16100.285714285714
INV003655,49.77777777777778,at-risk,10,18019.7
INV003658,70.71428571428571,at-risk,8,5544.25
INV003660,79.0,at-risk,6,11241.0
INV003669,53.5,at-risk,7,12862.57142857143
INV003670,70.85714285714286,at-risk,8,10382.625
INV003672,77.2,at-risk,6,21623.166666666668
INV003673,68.85714285714286,at-risk,8,7984.5
INV003678,32.8,active,6,8297.166666666666
INV003681,51.0,at-risk,9,2889.3333333333335
INV003683,92.4,at-risk,6,14236.0
INV003684,98.2,at-risk,6,8422.666666666666
INV003685,80.2,at-risk,6,23818.666666666668
INV003686,96.6,at-risk,6,11814.833333333334
INV003693,71.33333333333333,at-risk,7,14644.857142857143
INV003695,51.666666666666664,at-risk,7,4462.285714285715
INV003696,75.8,at-risk,6,18420.333333333332
INV003697,76.66666666666667,at-risk,7,13967.714285714286
INV003702,72.66666666666667,at-risk,7,14153.42857142857
INV003705,78.8,at-risk,6,19138.0
INV003707,68.6,at-risk,6,25489.0
INV003708,60.5,at-risk,7,3974.714285714286
INV003709,80.2,at-risk,6,8725.666666666666
INV003710,78.6,at-risk,6,14418.666666666666
INV003711,72.2,at-risk,6,14655.0
INV003712,79.6,at-risk,6,10758.5
INV003713,81.5,at-risk,7,17630.85714285714
INV003718,91.4,at-risk,6,13543.666666666666
INV003720,74.6,at-risk,6,3851.6666666666665
INV003722,50.666666666666664,at-risk,7,27530.0
INV003723,61.8,at-risk,6,6605.0
INV003724,68.0,at-risk,7,11452.57142857143
INV003733,88.8,at-risk,6,2482.1666666666665
INV003734,59.0,at-risk,8,8731.875
INV003735,45.857142857142854,at-risk,8,11011.125
INV003736,77.16666666666667,at-risk,7,8422.714285714286
INV003738,50.6,at-risk,6,3551.1666666666665
INV003740,51.833333333333336,at-risk,7,17435.428571428572
INV003741,67.66666666666667,at-risk,7,7896.428571428572
INV003744,86.8,at-risk,6,3946.0
INV003745,70.2,at-risk,6,4402.333333333333
INV003748,56.142857142857146,at-risk,8,5180.875
INV003757,81.83333333333333,at-risk,7,7736.0
INV003761,51.857142857142854,at-risk,8,3710.125
INV003766,65.28571428571429,at-risk,8,11809.375
INV003767,47.5,at-risk,9,14369.666666666666
INV003771,50.77777777777778,at-risk,10,11175.7
INV003772,34.5,active,9,3213.5555555555557
INV003775,74.0,at-risk,6,18703.0
INV003779,76.4,at-risk,6,2833.5
INV003780,57.42857142857143,at-risk,8,9500.125
INV003781,64.83333333333333,at-risk,7,6770.142857142857
INV003785,74.2,at-risk,6,18996.5
INV003787,63.25,at-risk,9,9675.111111111111
INV003793,72.33333333333333,at-risk,7,19198.0
INV003795,67.66666666666667,at-risk,7,8324.714285714286
INV003811,78.66666666666667,at-risk,7,19003.571428571428
INV003812,50.833333333333336,at-risk,7,7543.142857142857
INV003813,82.2,at-risk,6,10761.0
INV003815,72.5,at-risk,7,9620.57142857143
INV003824,71.5,at-risk,7,12739.285714285714
INV003825,81.2,at-risk,6,13554.0
INV003828,30.666666666666668,active,7,18659.0
INV003829,48.55555555555556,at-risk,10,4681.9
INV003830,71.4,at-risk,6,23037.166666666668
INV003844,68.5,at-risk,7,11433.285714285714
INV003847,50.0,at-risk,8,9312.625
INV003849,77.2,at-risk,6,25968.833333333332
INV003851,57.833333333333336,at-risk,7,15803.0
INV003860,46.0,at-risk,6,22379.5
INV003862,60.166666666666664,at-risk,7,9249.857142857143
INV003865,85.16666666666667,at-risk,7,6742.0
INV003868,87.6,at-risk,6,17499.833333333332
INV003872,45.375,at-risk,9,16345.444444444445
INV003876,77.6,at-risk,6,17632.333333333332
INV003880,68.57142857142857,at-risk,8,6502.0
INV003885,71.6,at-risk,6,13644.0
INV003892,55.22222222222222,at-risk,10,13427.1
INV003896,82.0,at-risk,6,7061.5
INV003897,71.6,at-risk,6,13925.5
INV003903,50.285714285714285,at-risk,8,8754.625
INV003905,62.5,at-risk,7,10061.142857142857
INV003906,55.111111111111114,at-risk,10,11035.8
INV003912,68.6,at-risk,6,1985.1666666666667
INV003913,61.42857142857143,at-risk,8,6519.75
INV003916,67.2,at-risk,6,14143.333333333334
INV003920,66.85714285714286,at-risk,8,13822.625
INV003936,89.6,at-risk,6,18545.666666666668
INV003938,52.5,at-risk,7,7711.142857142857
INV003940,70.66666666666667,at-risk,7,12690.857142857143
INV003943,42.5,at-risk,9,3870.8888888888887
INV003945,56.333333333333336,at-risk,7,15620.285714285714
INV003946,69.16666666666667,at-risk,7,9307.57142857143
INV003948,43.666666666666664,at-risk,7,17860.428571428572
INV003952,54.666666666666664,at-risk,7,15108.285714285714
INV003958,85.6,at-risk,6,11192.833333333334
INV003962,68.71428571428571,at-risk,8,24987.0
INV003964,51.22222222222222,at-risk,10,12333.4
INV003968,92.4,at-risk,6,9204.333333333334
INV003972,84.2,at-risk,6,21359.5
INV003975,50.142857142857146,at-risk,8,8080.875
INV003978,68.14285714285714,at-risk,8,5663.75
INV003979,56.0,at-risk,8,3201.625
INV003981,67.66666666666667,at-risk,7,11692.0
INV003985,93.0,at-risk,6,4232.666666666667
INV003996,95.2,at-risk,6,16251.166666666666
INV004001,40.285714285714285,at-risk,8,10348.25
INV004004,40.77777777777778,at-risk,10,12608.0
INV004005,73.66666666666667,at-risk,7,15127.0
INV004007,38.833333333333336,at-risk,7,4346.571428571428
INV004009,62.285714285714285,at-risk,8,13429.875
INV004014,61.875,at-risk,9,10067.333333333334
INV004015,88.0,at-risk,6,1622.3333333333333
INV004017,40.5,at-risk,7,4325.571428571428
INV004023,52.0,at-risk,10,13540.3
INV004037,74.6,at-risk,6,7653.666666666667
INV004038,71.66666666666667,at-risk,7,28258.571428571428
INV004049,48.2,at-risk,6,4095.1666666666665
INV004063,56.57142857142857,at-risk,8,10263.25
INV004066,75.16666666666667,at-risk,7,8665.857142857143
INV004069,74.0,at-risk,6,7750.666666666667
INV004070,67.66666666666667,at-risk,7,4719.857142857143
INV004079,71.33333333333333,at-risk,7,11234.285714285714
INV004085,68.33333333333333,at-risk,7,14964.0
INV004091,73.6,at-risk,6,3089.6666666666665
INV004094,55.8,at-risk,6,11183.833333333334
INV004098,58.2,at-risk,6,10430.333333333334
INV004099,58.8,at-risk,6,13718.666666666666
INV004106,55.8,at-risk,6,21281.5
INV004112,55.2,at-risk,6,6539.0
INV004116,54.888888888888886,at-risk,10,7142.8
INV004118,64.6,at-risk,6,5615.666666666667
INV004119,73.2,at-risk,6,13781.5
INV004123,85.0,at-risk,6,12406.666666666666
INV004124,63.8,at-risk,6,16657.0
INV004125,61.625,at-risk,9,12158.888888888889
INV004127,87.6,at-risk,6,4158.166666666667
INV004128,67.2,at-risk,6,15950.666666666666
INV004134,35.4,at-risk,6,3218.3333333333335
INV004135,50.111111111111114,at-risk,10,6609.7
INV004143,97.0,at-risk,6,10237.666666666666
INV004145,66.2,at-risk,6,4618.5
INV004146,88.2,at-risk,6,14615.0
INV004147,72.2,at-risk,6,11150.0
INV004149,50.2,at-risk,6,15323.833333333334
INV004151,63.142857142857146,at-risk,8,13848.75
INV004153,60.0,at-risk,8,18402.25
INV004154,46.72727272727273,at-risk,12,14460.583333333334
INV004172,63.0,at-risk,8,11687.0
INV004174,86.6,at-risk,6,31584.833333333332
INV004175,67.85714285714286,at-risk,8,11159.0
INV004177,45.42857142857143,at-risk,8,5488.0
INV004179,71.2,at-risk,6,13594.333333333334
INV004181,93.4,at-risk,6,25293.166666666668
INV004191,77.16666666666667,at-risk,7,6441.428571428572
INV004196,78.33333333333333,at-risk,7,18447.0
INV004199,58.2,at-risk,6,17996.5
INV004202,47.625,at-risk,9,10173.333333333334
INV004203,66.57142857142857,at-risk,8,8798.0
INV004208,73.4,at-risk,6,9500.0
INV004212,69.33333333333333,at-risk,7,18736.571428571428
INV004216,82.0,at-risk,7,9646.0
INV004228,72.33333333333333,at-risk,7,13327.57142857143
INV004232,71.4,at-risk,6,5171.833333333333
INV004239,61.142857142857146,at-risk,8,9860.875
INV004241,53.666666666666664,at-risk,10,10378.8
INV004243,55.714285714285715,at-risk,8,11047.5
INV004246,34.166666666666664,active,7,13919.857142857143
INV004247,87.2,at-risk,6,12008.333333333334
INV004248,42.666666666666664,at-risk,7,15096.142857142857
INV004258,49.666666666666664,at-risk,7,3841.714285714286
INV004266,61.833333333333336,at-risk,7,5112.285714285715
INV004267,53.333333333333336,at-risk,7,10034.142857142857
INV004270,69.66666666666667,at-risk,7,5929.285714285715
INV004271,79.8,at-risk,6,10934.166666666666
INV004279,50.285714285714285,at-risk,8,23249.625
INV004281,41.714285714285715,at-risk,8,18094.875
INV004282,52.857142857142854,at-risk,8,8017.0
INV004285,76.16666666666667,at-risk,7,13244.0
INV004288,72.83333333333333,at-risk,7,8120.142857142857
INV004289,45.9,at-risk,11,3863.7272727272725
INV004293,81.8,at-risk,6,18773.0
INV004295,44.75,at-risk,9,8077.222222222223
INV004296,102.2,at-risk,6,12903.166666666666
INV004297,41.875,at-risk,9,13568.555555555555
INV004299,64.14285714285714,at-risk,8,9918.0
INV004306,57.0,at-risk,7,10579.42857142857
INV004308,84.66666666666667,at-risk,7,11232.285714285714
INV004314,83.0,at-risk,6,18747.5
INV004319,60.5,at-risk,9,13111.222222222223
INV004321,42.0,at-risk,9,12523.444444444445
INV004324,77.66666666666667,at-risk,7,9472.0
INV004326,40.111111111111114,at-risk,10,11326.1
INV004332,64.71428571428571,at-risk,8,2808.0
INV004335,64.42857142857143,at-risk,8,12204.625
INV004338,48.888888888888886,at-risk,10,13450.5
INV004340,67.8,at-risk,6,8155.833333333333
INV004343,63.0,at-risk,6,15510.833333333334
INV004348,52.2,at-risk,6,25210.166666666668
INV004349,72.5,at-risk,7,21152.428571428572
INV004356,30.8,active,6,4562.5
INV004357,72.42857142857143,at-risk,8,6569.375
INV004358,45.857142857142854,at-risk,8,10322.875
INV004361,61.57142857142857,at-risk,8,2988.25
INV004364,80.6,at-risk,6,4893.833333333333
INV004367,81.6,at-risk,6,24023.166666666668
INV004372,59.2,at-risk,6,10627.333333333334
INV004391,57.0,at-risk,6,8014.333333333333
INV004392,90.4,at-risk,6,23366.166666666668
INV004400,46.57142857142857,at-risk,8,23436.25
INV004401,69.85714285714286,at-risk,8,13030.25
INV004403,73.6,at-risk,6,2381.0
INV004410,40.9,at-risk,11,7294.272727272727
INV004411,61.0,at-risk,6,12083.833333333334
INV004412,82.33333333333333,at-risk,7,7484.285714285715
INV004413,69.0,at-risk,8,10780.75
INV004414,53.857142857142854,at-risk,8,12757.75
INV004421,90.8,at-risk,6,12493.0
INV004427,50.8,at-risk,11,11017.545454545454
INV004434,84.6,at-risk,6,13238.666666666666
INV004446,65.8,at-risk,6,9706.0
INV004447,49.833333333333336,at-risk,7,15938.0
INV004450,61.6,at-risk,6,22388.833333333332
INV004451,84.0,at-risk,6,14796.0
INV004452,81.0,at-risk,7,17472.714285714286
INV004454,98.4,at-risk,6,10751.0
INV004455,50.0,at-risk,6,3511.6666666666665
INV004457,81.4,at-risk,6,12749.666666666666
INV004459,53.833333333333336,at-risk,7,10491.142857142857
INV004460,42.5,at-risk,9,2513.4444444444443
INV004463,94.8,at-risk,6,12925.666666666666
INV004464,62.5,at-risk,7,5746.857142857143
INV004468,76.83333333333333,at-risk,7,12073.714285714286
INV004472,50.666666666666664,at-risk,7,4732.285714285715
INV004473,73.33333333333333,at-risk,7,5587.857142857143
INV004475,67.83333333333333,at-risk,7,11717.57142857143
INV004477,58.714285714285715,at-risk,8,4044.875
INV004484,61.6,at-risk,6,9191.5
INV004502,74.5,at-risk,7,9534.57142857143
INV004504,55.142857142857146,at-risk,8,16567.125
INV004511,37.2,at-risk,6,7259.333333333333
INV004517,86.6,at-risk,6,3929.8333333333335
INV004521,54.5,at-risk,7,15194.714285714286
INV004523,87.2,at-risk,6,8386.333333333334
INV004528,54.0,at-risk,7,19815.14285714286
INV004531,60.0,at-risk,8,23169.25
INV004533,55.0,at-risk,7,17934.14285714286
INV004542,34.0,active,7,8556.285714285714
INV004547,67.5,at-risk,7,4435.428571428572
INV004555,53.142857142857146,at-risk,8,13978.0
INV004560,48.375,at-risk,9,9287.888888888889
INV004562,83.8,at-risk,6,3744.3333333333335
INV004563,64.83333333333333,at-risk,7,4528.857142857143
INV004574,54.57142857142857,at-risk,8,9353.875
INV004576,63.0,at-risk,6,3432.5
INV004579,43.857142857142854,at-risk,8,3355.25
INV004581,72.14285714285714,at-risk,8,2764.5
INV004589,71.4,at-risk,6,19063.166666666668
INV004594,59.142857142857146,at-risk,8,10546.25
INV004598,84.2,at-risk,6,9605.0
INV004602,59.625,at-risk,9,11694.888888888889
INV004607,56.0,at-risk,8,6337.375
INV004608,55.0,at-risk,8,6819.75
INV004611,51.166666666666664,at-risk,7,20224.571428571428
INV004614,79.6,at-risk,6,10699.5
INV004617,39.25,at-risk,9,12311.0
INV004621,54.25,at-risk,9,11338.888888888889
INV004625,96.4,at-risk,6,13086.833333333334
INV004629,64.57142857142857,at-risk,8,18287.25
INV004630,50.625,at-risk,9,12306.222222222223
INV004631,64.71428571428571,at-risk,8,8730.75
INV004633,78.16666666666667,at-risk,7,9650.714285714286
INV004635,58.666666666666664,at-risk,7,12274.142857142857
INV004636,75.6,at-risk,6,21715.5
INV004638,54.333333333333336,at-risk,7,8948.142857142857
INV004640,68.33333333333333,at-risk,7,5946.857142857143
INV004641,67.8,at-risk,6,10705.833333333334
INV004642,54.8,at-risk,6,13400.666666666666
INV004643,50.6,at-risk,6,19836.166666666668
INV004646,64.5,at-risk,7,10538.285714285714
INV004647,70.66666666666667,at-risk,7,5628.571428571428
INV004650,80.8,at-risk,6,8806.666666666666
INV004661,69.71428571428571,at-risk,8,9161.625
INV004665,83.4,at-risk,6,4805.5
INV004672,72.0,at-risk,7,13791.57142857143
INV004680,47.166666666666664,at-risk,7,3256.5714285714284
INV004682,42.25,at-risk,9,21019.0
INV004688,77.6,at-risk,6,4187.0
INV004692,83.6,at-risk,6,11435.0
INV004701,20.0,active,7,5822.428571428572
INV004704,93.8,at-risk,6,14348.5
INV004712,48.57142857142857,at-risk,8,14925.25
INV004715,56.833333333333336,at-risk,7,13709.714285714286
INV004716,74.0,at-risk,7,9655.714285714286
INV004737,54.55555555555556,at-risk,10,9602.1
INV004738,93.2,at-risk,6,7851.666666666667
INV004741,72.33333333333333,at-risk,7,10830.142857142857
INV004753,61.4,at-risk,6,9312.333333333334
INV004755,61.166666666666664,at-risk,7,6657.857142857143
INV004761,71.4,at-risk,6,7000.166666666667
INV004763,83.5,at-risk,7,7140.428571428572
INV004764,83.0,at-risk,6,5904.333333333333
INV004770,72.85714285714286,at-risk,8,16737.625
INV004776,57.375,at-risk,9,9022.0
INV004780,69.5,at-risk,7,9966.142857142857
INV004785,66.16666666666667,at-risk,7,7831.285714285715
INV004787,72.33333333333333,at-risk,7,8451.714285714286
INV004798,53.666666666666664,at-risk,7,9084.142857142857
INV004804,79.2,at-risk,6,17513.333333333332
INV004805,44.666666666666664,at-risk,7,12946.42857142857
INV004807,36.857142857142854,at-risk,8,4210.75
INV004813,62.0,at-risk,6,13700.5
INV004819,62.0,at-risk,7,2418.714285714286
INV004825,70.0,at-risk,7,7026.714285714285
INV004833,65.4,at-risk,6,9799.166666666666
INV004834,38.625,at-risk,9,19133.11111111111
INV004840,41.0,at-risk,7,3179.5714285714284
INV004843,50.857142857142854,at-risk,8,9357.0
INV004844,66.66666666666667,at-risk,7,3633.285714285714
INV004845,81.8,at-risk,6,15097.0
INV004847,73.5,at-risk,7,7340.571428571428
INV004848,54.125,at-risk,9,12935.333333333334
INV004860,78.4,at-risk,6,7017.666666666667
INV004863,68.0,at-risk,7,5141.142857142857
INV004864,43.285714285714285,at-risk,8,10682.25
INV004865,76.33333333333333,at-risk,7,14777.142857142857
INV004868,56.0,at-risk,8,15650.875
INV004871,69.14285714285714,at-risk,8,20451.875
INV004877,80.5,at-risk,7,10594.57142857143
INV004889,70.66666666666667,at-risk,7,9326.57142857143
INV004891,55.857142857142854,at-risk,8,15331.25
INV004896,79.4,at-risk,6,20967.666666666668
INV004901,54.6,at-risk,6,24683.333333333332
INV004911,63.666666666666664,at-risk,7,12392.142857142857
INV004913,87.0,at-risk,6,15516.5
INV004916,75.5,at-risk,7,13336.285714285714
INV004917,51.0,at-risk,7,15465.857142857143
INV004924,59.75,at-risk,9,18523.11111111111
INV004925,70.83333333333333,at-risk,7,7339.571428571428
INV004926,66.28571428571429,at-risk,8,11625.125
INV004927,34.166666666666664,active,7,13666.714285714286
INV004947,45.0,at-risk,6,8672.666666666666
INV004953,67.16666666666667,at-risk,7,7283.0
INV004956,59.142857142857146,at-risk,8,6412.125
INV004958,73.16666666666667,at-risk,7,20906.14285714286
INV004959,68.6,at-risk,6,5341.166666666667
INV004967,63.2,at-risk,6,5978.166666666667
INV004973,55.0,at-risk,9,10026.111111111111
INV004974,52.42857142857143,at-risk,8,10895.25
INV004978,63.833333333333336,at-risk,7,12637.57142857143
INV004981,49.142857142857146,at-risk,8,6639.625
INV004983,57.666666666666664,at-risk,7,24659.428571428572
INV004984,75.33333333333333,at-risk,7,13471.57142857143
INV004986,81.33333333333333,at-risk,7,9774.57142857143
INV004992,81.5,at-risk,7,10180.0
INV004996,46.333333333333336,at-risk,10,8491.2
INV004997,71.0,at-risk,7,18335.14285714286
